Workbook
Name AbsenceTypes: AbsenceTypes!$A$3:$I$22
Name Clocking: Clocking!$A$3:$B$1098
Name Corrections: Corrections!$C$3:$E$67
Name Days: Days!$A$3:$F$1098
Name JAHR: Details!$AG$1
Name MONAT: Details!$AF$1
Name Saldi: Saldi!$C$3:$D$779

Sheet Details
A1: INTRASOFT/BOTTSTONE Presence Time | AE1: Monat | AF1: =IFERROR(MOD(Resource!$H$7+10,12)+1,MOD(MONTH(TODAY())+10,12)+1) -> 2 | AG1: =IFERROR(Resource!$G$7-IF(MONAT=12,1,0),YEAR(TODAY())-IF(MONAT=12,1,0)) -> 2024
A4: Employee | C4: =Resource!$B$3 -> {jsdata.resource.name} | I4: Month | L4: =DATE(JAHR,MONAT,1) -> 45323
A6: Month Overview
C8: =DATE(JAHR,MONAT,COLUMN(C8)-COLUMN($B8)) -> 45323 | D8: =DATE(JAHR,MONAT,COLUMN(D8)-COLUMN($B8)) -> 45324 | E8: =DATE(JAHR,MONAT,COLUMN(E8)-COLUMN($B8)) -> 45325 | F8: =DATE(JAHR,MONAT,COLUMN(F8)-COLUMN($B8)) -> 45326 | G8: =DATE(JAHR,MONAT,COLUMN(G8)-COLUMN($B8)) -> 45327 | H8: =DATE(JAHR,MONAT,COLUMN(H8)-COLUMN($B8)) -> 45328 | I8: =DATE(JAHR,MONAT,COLUMN(I8)-COLUMN($B8)) -> 45329 | J8: =DATE(JAHR,MONAT,COLUMN(J8)-COLUMN($B8)) -> 45330 | ... AD8: =DATE(JAHR,MONAT,COLUMN(AD8)-COLUMN($B8)) -> 45350 | AE8: =IF(MONTH(DATE(JAHR,MONAT,COLUMN(AE8)-COLUMN($B8)))=MONAT,DATE(JAHR,MONAT,COLUMN(AE8)-COLUMN($B8)),"") -> 45351 | AF8: =IF(MONTH(DATE(JAHR,MONAT,COLUMN(AF8)-COLUMN($B8)))=MONAT,DATE(JAHR,MONAT,COLUMN(AF8)-COLUMN($B8)),"") | AG8: =IF(MONTH(DATE(JAHR,MONAT,COLUMN(AG8)-COLUMN($B8)))=MONAT,DATE(JAHR,MONAT,COLUMN(AG8)-COLUMN($B8)),"")
B9: Σ | C9: =DATE(JAHR,MONAT,COLUMN(C9)-COLUMN($B9)) -> 45323 | D9: =DATE(JAHR,MONAT,COLUMN(D9)-COLUMN($B9)) -> 45324 | E9: =DATE(JAHR,MONAT,COLUMN(E9)-COLUMN($B9)) -> 45325 | F9: =DATE(JAHR,MONAT,COLUMN(F9)-COLUMN($B9)) -> 45326 | G9: =DATE(JAHR,MONAT,COLUMN(G9)-COLUMN($B9)) -> 45327 | H9: =DATE(JAHR,MONAT,COLUMN(H9)-COLUMN($B9)) -> 45328 | I9: =DATE(JAHR,MONAT,COLUMN(I9)-COLUMN($B9)) -> 45329 | J9: =DATE(JAHR,MONAT,COLUMN(J9)-COLUMN($B9)) -> 45330 | ... AD9: =DATE(JAHR,MONAT,COLUMN(AD9)-COLUMN($B9)) -> 45350 | AE9: =IF(MONTH(DATE(JAHR,MONAT,COLUMN(AE9)-COLUMN($B9)))=MONAT,DATE(JAHR,MONAT,COLUMN(AE9)-COLUMN($B9)),"") -> 45351 | AF9: =IF(MONTH(DATE(JAHR,MONAT,COLUMN(AF9)-COLUMN($B9)))=MONAT,DATE(JAHR,MONAT,COLUMN(AF9)-COLUMN($B9)),"") | AG9: =IF(MONTH(DATE(JAHR,MONAT,COLUMN(AG9)-COLUMN($B9)))=MONAT,DATE(JAHR,MONAT,COLUMN(AG9)-COLUMN($B9)),"")
A10: Target | B10: =SUM(C10:AG10) -> 0 | C10: =IFERROR(IF(ISNUMBER(C$9),(VLOOKUP(C$9,Days,2,FALSE)+VLOOKUP(C$9,Days,3,FALSE))/86400,""),"") | D10: =IFERROR(IF(ISNUMBER(D$9),(VLOOKUP(D$9,Days,2,FALSE)+VLOOKUP(D$9,Days,3,FALSE))/86400,""),"") | E10: =IFERROR(IF(ISNUMBER(E$9),(VLOOKUP(E$9,Days,2,FALSE)+VLOOKUP(E$9,Days,3,FALSE))/86400,""),"") | F10: =IFERROR(IF(ISNUMBER(F$9),(VLOOKUP(F$9,Days,2,FALSE)+VLOOKUP(F$9,Days,3,FALSE))/86400,""),"") | G10: =IFERROR(IF(ISNUMBER(G$9),(VLOOKUP(G$9,Days,2,FALSE)+VLOOKUP(G$9,Days,3,FALSE))/86400,""),"") | H10: =IFERROR(IF(ISNUMBER(H$9),(VLOOKUP(H$9,Days,2,FALSE)+VLOOKUP(H$9,Days,3,FALSE))/86400,""),"") | I10: =IFERROR(IF(ISNUMBER(I$9),(VLOOKUP(I$9,Days,2,FALSE)+VLOOKUP(I$9,Days,3,FALSE))/86400,""),"") | J10: =IFERROR(IF(ISNUMBER(J$9),(VLOOKUP(J$9,Days,2,FALSE)+VLOOKUP(J$9,Days,3,FALSE))/86400,""),"") | ... AG10: =IFERROR(IF(ISNUMBER(AG$9),(VLOOKUP(AG$9,Days,2,FALSE)+VLOOKUP(AG$9,Days,3,FALSE))/86400,""),"")
A11: Actual | B11: =SUM(C11:AG11) -> 0 | C11: =IFERROR(IF(ISNUMBER(C$9),VLOOKUP(C$9,Days,4,FALSE)/86400,""),"") | D11: =IFERROR(IF(ISNUMBER(D$9),VLOOKUP(D$9,Days,4,FALSE)/86400,""),"") | E11: =IFERROR(IF(ISNUMBER(E$9),VLOOKUP(E$9,Days,4,FALSE)/86400,""),"") | F11: =IFERROR(IF(ISNUMBER(F$9),VLOOKUP(F$9,Days,4,FALSE)/86400,""),"") | G11: =IFERROR(IF(ISNUMBER(G$9),VLOOKUP(G$9,Days,4,FALSE)/86400,""),"") | H11: =IFERROR(IF(ISNUMBER(H$9),VLOOKUP(H$9,Days,4,FALSE)/86400,""),"") | I11: =IFERROR(IF(ISNUMBER(I$9),VLOOKUP(I$9,Days,4,FALSE)/86400,""),"") | J11: =IFERROR(IF(ISNUMBER(J$9),VLOOKUP(J$9,Days,4,FALSE)/86400,""),"") | ... AG11: =IFERROR(IF(ISNUMBER(AG$9),VLOOKUP(AG$9,Days,4,FALSE)/86400,""),"")
A12: Absence | B12: =SUM(C12:AG12) -> 0 | C12: =IFERROR(IF(ISNUMBER(C$9),VLOOKUP(C$9,Days,3,FALSE)/86400,""),"") | D12: =IFERROR(IF(ISNUMBER(D$9),VLOOKUP(D$9,Days,3,FALSE)/86400,""),"") | E12: =IFERROR(IF(ISNUMBER(E$9),VLOOKUP(E$9,Days,3,FALSE)/86400,""),"") | F12: =IFERROR(IF(ISNUMBER(F$9),VLOOKUP(F$9,Days,3,FALSE)/86400,""),"") | G12: =IFERROR(IF(ISNUMBER(G$9),VLOOKUP(G$9,Days,3,FALSE)/86400,""),"") | H12: =IFERROR(IF(ISNUMBER(H$9),VLOOKUP(H$9,Days,3,FALSE)/86400,""),"") | I12: =IFERROR(IF(ISNUMBER(I$9),VLOOKUP(I$9,Days,3,FALSE)/86400,""),"") | J12: =IFERROR(IF(ISNUMBER(J$9),VLOOKUP(J$9,Days,3,FALSE)/86400,""),"") | ... AG12: =IFERROR(IF(ISNUMBER(AG$9),VLOOKUP(AG$9,Days,3,FALSE)/86400,""),"")
C13: =IFERROR(IF(ISNUMBER(C$9),IF(VLOOKUP(VLOOKUP(C$9,Days,5,FALSE),AbsenceTypes,3,FALSE)="",LEFT(VLOOKUP(VLOOKUP(C$9,Days,5,FALSE),AbsenceTypes,2,FALSE),3),VLOOKUP(VLOOKUP(C$9,Days,5,FALSE),AbsenceTypes,3,FALSE)),""),"") | D13: =IFERROR(IF(ISNUMBER(D$9),IF(VLOOKUP(VLOOKUP(D$9,Days,5,FALSE),AbsenceTypes,3,FALSE)="",LEFT(VLOOKUP(VLOOKUP(D$9,Days,5,FALSE),AbsenceTypes,2,FALSE),3),VLOOKUP(VLOOKUP(D$9,Days,5,FALSE),AbsenceTypes,3,FALSE)),""),"") | E13: =IFERROR(IF(ISNUMBER(E$9),IF(VLOOKUP(VLOOKUP(E$9,Days,5,FALSE),AbsenceTypes,3,FALSE)="",LEFT(VLOOKUP(VLOOKUP(E$9,Days,5,FALSE),AbsenceTypes,2,FALSE),3),VLOOKUP(VLOOKUP(E$9,Days,5,FALSE),AbsenceTypes,3,FALSE)),""),"") | F13: =IFERROR(IF(ISNUMBER(F$9),IF(VLOOKUP(VLOOKUP(F$9,Days,5,FALSE),AbsenceTypes,3,FALSE)="",LEFT(VLOOKUP(VLOOKUP(F$9,Days,5,FALSE),AbsenceTypes,2,FALSE),3),VLOOKUP(VLOOKUP(F$9,Days,5,FALSE),AbsenceTypes,3,FALSE)),""),"") | G13: =IFERROR(IF(ISNUMBER(G$9),IF(VLOOKUP(VLOOKUP(G$9,Days,5,FALSE),AbsenceTypes,3,FALSE)="",LEFT(VLOOKUP(VLOOKUP(G$9,Days,5,FALSE),AbsenceTypes,2,FALSE),3),VLOOKUP(VLOOKUP(G$9,Days,5,FALSE),AbsenceTypes,3,FALSE)),""),"") | H13: =IFERROR(IF(ISNUMBER(H$9),IF(VLOOKUP(VLOOKUP(H$9,Days,5,FALSE),AbsenceTypes,3,FALSE)="",LEFT(VLOOKUP(VLOOKUP(H$9,Days,5,FALSE),AbsenceTypes,2,FALSE),3),VLOOKUP(VLOOKUP(H$9,Days,5,FALSE),AbsenceTypes,3,FALSE)),""),"") | I13: =IFERROR(IF(ISNUMBER(I$9),IF(VLOOKUP(VLOOKUP(I$9,Days,5,FALSE),AbsenceTypes,3,FALSE)="",LEFT(VLOOKUP(VLOOKUP(I$9,Days,5,FALSE),AbsenceTypes,2,FALSE),3),VLOOKUP(VLOOKUP(I$9,Days,5,FALSE),AbsenceTypes,3,FALSE)),""),"") | J13: =IFERROR(IF(ISNUMBER(J$9),IF(VLOOKUP(VLOOKUP(J$9,Days,5,FALSE),AbsenceTypes,3,FALSE)="",LEFT(VLOOKUP(VLOOKUP(J$9,Days,5,FALSE),AbsenceTypes,2,FALSE),3),VLOOKUP(VLOOKUP(J$9,Days,5,FALSE),AbsenceTypes,3,FALSE)),""),"") | ... AG13: =IFERROR(IF(ISNUMBER(AG$9),IF(VLOOKUP(VLOOKUP(AG$9,Days,5,FALSE),AbsenceTypes,3,FALSE)="",LEFT(VLOOKUP(VLOOKUP(AG$9,Days,5,FALSE),AbsenceTypes,2,FALSE),3),VLOOKUP(VLOOKUP(AG$9,Days,5,FALSE),AbsenceTypes,3,FALSE)),""),"")
C14: =IFERROR(IF(ISNUMBER(C$9),IF(VLOOKUP(VLOOKUP(C$9,Days,6,FALSE),AbsenceTypes,3,FALSE)="",LEFT(VLOOKUP(VLOOKUP(C$9,Days,6,FALSE),AbsenceTypes,2,FALSE),3),VLOOKUP(VLOOKUP(C$9,Days,6,FALSE),AbsenceTypes,3,FALSE)),""),"") | D14: =IFERROR(IF(ISNUMBER(D$9),IF(VLOOKUP(VLOOKUP(D$9,Days,6,FALSE),AbsenceTypes,3,FALSE)="",LEFT(VLOOKUP(VLOOKUP(D$9,Days,6,FALSE),AbsenceTypes,2,FALSE),3),VLOOKUP(VLOOKUP(D$9,Days,6,FALSE),AbsenceTypes,3,FALSE)),""),"") | E14: =IFERROR(IF(ISNUMBER(E$9),IF(VLOOKUP(VLOOKUP(E$9,Days,6,FALSE),AbsenceTypes,3,FALSE)="",LEFT(VLOOKUP(VLOOKUP(E$9,Days,6,FALSE),AbsenceTypes,2,FALSE),3),VLOOKUP(VLOOKUP(E$9,Days,6,FALSE),AbsenceTypes,3,FALSE)),""),"") | F14: =IFERROR(IF(ISNUMBER(F$9),IF(VLOOKUP(VLOOKUP(F$9,Days,6,FALSE),AbsenceTypes,3,FALSE)="",LEFT(VLOOKUP(VLOOKUP(F$9,Days,6,FALSE),AbsenceTypes,2,FALSE),3),VLOOKUP(VLOOKUP(F$9,Days,6,FALSE),AbsenceTypes,3,FALSE)),""),"") | G14: =IFERROR(IF(ISNUMBER(G$9),IF(VLOOKUP(VLOOKUP(G$9,Days,6,FALSE),AbsenceTypes,3,FALSE)="",LEFT(VLOOKUP(VLOOKUP(G$9,Days,6,FALSE),AbsenceTypes,2,FALSE),3),VLOOKUP(VLOOKUP(G$9,Days,6,FALSE),AbsenceTypes,3,FALSE)),""),"") | H14: =IFERROR(IF(ISNUMBER(H$9),IF(VLOOKUP(VLOOKUP(H$9,Days,6,FALSE),AbsenceTypes,3,FALSE)="",LEFT(VLOOKUP(VLOOKUP(H$9,Days,6,FALSE),AbsenceTypes,2,FALSE),3),VLOOKUP(VLOOKUP(H$9,Days,6,FALSE),AbsenceTypes,3,FALSE)),""),"") | I14: =IFERROR(IF(ISNUMBER(I$9),IF(VLOOKUP(VLOOKUP(I$9,Days,6,FALSE),AbsenceTypes,3,FALSE)="",LEFT(VLOOKUP(VLOOKUP(I$9,Days,6,FALSE),AbsenceTypes,2,FALSE),3),VLOOKUP(VLOOKUP(I$9,Days,6,FALSE),AbsenceTypes,3,FALSE)),""),"") | J14: =IFERROR(IF(ISNUMBER(J$9),IF(VLOOKUP(VLOOKUP(J$9,Days,6,FALSE),AbsenceTypes,3,FALSE)="",LEFT(VLOOKUP(VLOOKUP(J$9,Days,6,FALSE),AbsenceTypes,2,FALSE),3),VLOOKUP(VLOOKUP(J$9,Days,6,FALSE),AbsenceTypes,3,FALSE)),""),"") | ... AG14: =IFERROR(IF(ISNUMBER(AG$9),IF(VLOOKUP(VLOOKUP(AG$9,Days,6,FALSE),AbsenceTypes,3,FALSE)="",LEFT(VLOOKUP(VLOOKUP(AG$9,Days,6,FALSE),AbsenceTypes,2,FALSE),3),VLOOKUP(VLOOKUP(AG$9,Days,6,FALSE),AbsenceTypes,3,FALSE)),""),"")
A15: Flexitime +/- | B15: =IF(SIGN(B11+B12-B10)=-1,"-","")&TEXT(ABS(B11+B12-B10),"[hh]:mm;;") | C15: =IF(IF(ISNUMBER(C$11),C$11,0)-IF(ISNUMBER(C$10),C$10,0)+IF(ISNUMBER(C$12),C$12,0)=0,"",IF(IF(ISNUMBER(C$11),C$11,0)-IF(ISNUMBER(C$10),C$10,0)+IF(ISNUMBER(C$12),C$12,0)>=0,TEXT(IF(ISNUMBER(C$11),C$11,0)-IF(ISNUMBER(C$10),C$10,0)+IF(ISNUMBER(C$12),C$12,0),"[hh]:mm"),TEXT(IF(ISNUMBER(C$10),C$10,0)-IF(ISNUMBER(C$11),C$11,0)-IF(ISNUMBER(C$12),C$12,0),"-[hh]:mm"))) | D15: =IF(IF(ISNUMBER(D$11),D$11,0)-IF(ISNUMBER(D$10),D$10,0)+IF(ISNUMBER(D$12),D$12,0)=0,"",IF(IF(ISNUMBER(D$11),D$11,0)-IF(ISNUMBER(D$10),D$10,0)+IF(ISNUMBER(D$12),D$12,0)>=0,TEXT(IF(ISNUMBER(D$11),D$11,0)-IF(ISNUMBER(D$10),D$10,0)+IF(ISNUMBER(D$12),D$12,0),"[hh]:mm"),TEXT(IF(ISNUMBER(D$10),D$10,0)-IF(ISNUMBER(D$11),D$11,0)-IF(ISNUMBER(D$12),D$12,0),"-[hh]:mm"))) | E15: =IF(IF(ISNUMBER(E$11),E$11,0)-IF(ISNUMBER(E$10),E$10,0)+IF(ISNUMBER(E$12),E$12,0)=0,"",IF(IF(ISNUMBER(E$11),E$11,0)-IF(ISNUMBER(E$10),E$10,0)+IF(ISNUMBER(E$12),E$12,0)>=0,TEXT(IF(ISNUMBER(E$11),E$11,0)-IF(ISNUMBER(E$10),E$10,0)+IF(ISNUMBER(E$12),E$12,0),"[hh]:mm"),TEXT(IF(ISNUMBER(E$10),E$10,0)-IF(ISNUMBER(E$11),E$11,0)-IF(ISNUMBER(E$12),E$12,0),"-[hh]:mm"))) | F15: =IF(IF(ISNUMBER(F$11),F$11,0)-IF(ISNUMBER(F$10),F$10,0)+IF(ISNUMBER(F$12),F$12,0)=0,"",IF(IF(ISNUMBER(F$11),F$11,0)-IF(ISNUMBER(F$10),F$10,0)+IF(ISNUMBER(F$12),F$12,0)>=0,TEXT(IF(ISNUMBER(F$11),F$11,0)-IF(ISNUMBER(F$10),F$10,0)+IF(ISNUMBER(F$12),F$12,0),"[hh]:mm"),TEXT(IF(ISNUMBER(F$10),F$10,0)-IF(ISNUMBER(F$11),F$11,0)-IF(ISNUMBER(F$12),F$12,0),"-[hh]:mm"))) | G15: =IF(IF(ISNUMBER(G$11),G$11,0)-IF(ISNUMBER(G$10),G$10,0)+IF(ISNUMBER(G$12),G$12,0)=0,"",IF(IF(ISNUMBER(G$11),G$11,0)-IF(ISNUMBER(G$10),G$10,0)+IF(ISNUMBER(G$12),G$12,0)>=0,TEXT(IF(ISNUMBER(G$11),G$11,0)-IF(ISNUMBER(G$10),G$10,0)+IF(ISNUMBER(G$12),G$12,0),"[hh]:mm"),TEXT(IF(ISNUMBER(G$10),G$10,0)-IF(ISNUMBER(G$11),G$11,0)-IF(ISNUMBER(G$12),G$12,0),"-[hh]:mm"))) | H15: =IF(IF(ISNUMBER(H$11),H$11,0)-IF(ISNUMBER(H$10),H$10,0)+IF(ISNUMBER(H$12),H$12,0)=0,"",IF(IF(ISNUMBER(H$11),H$11,0)-IF(ISNUMBER(H$10),H$10,0)+IF(ISNUMBER(H$12),H$12,0)>=0,TEXT(IF(ISNUMBER(H$11),H$11,0)-IF(ISNUMBER(H$10),H$10,0)+IF(ISNUMBER(H$12),H$12,0),"[hh]:mm"),TEXT(IF(ISNUMBER(H$10),H$10,0)-IF(ISNUMBER(H$11),H$11,0)-IF(ISNUMBER(H$12),H$12,0),"-[hh]:mm"))) | I15: =IF(IF(ISNUMBER(I$11),I$11,0)-IF(ISNUMBER(I$10),I$10,0)+IF(ISNUMBER(I$12),I$12,0)=0,"",IF(IF(ISNUMBER(I$11),I$11,0)-IF(ISNUMBER(I$10),I$10,0)+IF(ISNUMBER(I$12),I$12,0)>=0,TEXT(IF(ISNUMBER(I$11),I$11,0)-IF(ISNUMBER(I$10),I$10,0)+IF(ISNUMBER(I$12),I$12,0),"[hh]:mm"),TEXT(IF(ISNUMBER(I$10),I$10,0)-IF(ISNUMBER(I$11),I$11,0)-IF(ISNUMBER(I$12),I$12,0),"-[hh]:mm"))) | J15: =IF(IF(ISNUMBER(J$11),J$11,0)-IF(ISNUMBER(J$10),J$10,0)+IF(ISNUMBER(J$12),J$12,0)=0,"",IF(IF(ISNUMBER(J$11),J$11,0)-IF(ISNUMBER(J$10),J$10,0)+IF(ISNUMBER(J$12),J$12,0)>=0,TEXT(IF(ISNUMBER(J$11),J$11,0)-IF(ISNUMBER(J$10),J$10,0)+IF(ISNUMBER(J$12),J$12,0),"[hh]:mm"),TEXT(IF(ISNUMBER(J$10),J$10,0)-IF(ISNUMBER(J$11),J$11,0)-IF(ISNUMBER(J$12),J$12,0),"-[hh]:mm"))) | ... AG15: =IF(IF(ISNUMBER(AG$11),AG$11,0)-IF(ISNUMBER(AG$10),AG$10,0)+IF(ISNUMBER(AG$12),AG$12,0)=0,"",IF(IF(ISNUMBER(AG$11),AG$11,0)-IF(ISNUMBER(AG$10),AG$10,0)+IF(ISNUMBER(AG$12),AG$12,0)>=0,TEXT(IF(ISNUMBER(AG$11),AG$11,0)-IF(ISNUMBER(AG$10),AG$10,0)+IF(ISNUMBER(AG$12),AG$12,0),"[hh]:mm"),TEXT(IF(ISNUMBER(AG$10),AG$10,0)-IF(ISNUMBER(AG$11),AG$11,0)-IF(ISNUMBER(AG$12),AG$12,0),"-[hh]:mm")))
A16: Clocking | C16: =IFERROR(IF(ISNUMBER(C$9),VLOOKUP(TEXT(C$9,"jjjj-MM-tt"),Clocking,2,FALSE),""),"") | D16: =IFERROR(IF(ISNUMBER(D$9),VLOOKUP(TEXT(D$9,"jjjj-MM-tt"),Clocking,2,FALSE),""),"") | E16: =IFERROR(IF(ISNUMBER(E$9),VLOOKUP(TEXT(E$9,"jjjj-MM-tt"),Clocking,2,FALSE),""),"") | F16: =IFERROR(IF(ISNUMBER(F$9),VLOOKUP(TEXT(F$9,"jjjj-MM-tt"),Clocking,2,FALSE),""),"") | G16: =IFERROR(IF(ISNUMBER(G$9),VLOOKUP(TEXT(G$9,"jjjj-MM-tt"),Clocking,2,FALSE),""),"") | H16: =IFERROR(IF(ISNUMBER(H$9),VLOOKUP(TEXT(H$9,"jjjj-MM-tt"),Clocking,2,FALSE),""),"") | I16: =IFERROR(IF(ISNUMBER(I$9),VLOOKUP(TEXT(I$9,"jjjj-MM-tt"),Clocking,2,FALSE),""),"") | J16: =IFERROR(IF(ISNUMBER(J$9),VLOOKUP(TEXT(J$9,"jjjj-MM-tt"),Clocking,2,FALSE),""),"") | ... AG16: =IFERROR(IF(ISNUMBER(AG$9),VLOOKUP(TEXT(AG$9,"jjjj-MM-tt"),Clocking,2,FALSE),""),"")
B21: =IF(ISNUMBER(C9),DAY(C9),"") -> 1 | C21: =IF(ISNUMBER(D9),DAY(D9),"") -> 2 | D21: =IF(ISNUMBER(E9),DAY(E9),"") -> 3 | E21: =IF(ISNUMBER(F9),DAY(F9),"") -> 4 | F21: =IF(ISNUMBER(G9),DAY(G9),"") -> 5 | G21: =IF(ISNUMBER(H9),DAY(H9),"") -> 6 | H21: =IF(ISNUMBER(I9),DAY(I9),"") -> 7 | I21: =IF(ISNUMBER(J9),DAY(J9),"") -> 8 | ... AF21: =IF(ISNUMBER(AG9),DAY(AG9),"")
B22: =IF(ISNUMBER(C10),C10*24,0)-B23 -> 0 | C22: =IF(ISNUMBER(D10),D10*24,0)-C23 -> 0 | D22: =IF(ISNUMBER(E10),E10*24,0)-D23 -> 0 | E22: =IF(ISNUMBER(F10),F10*24,0)-E23 -> 0 | F22: =IF(ISNUMBER(G10),G10*24,0)-F23 -> 0 | G22: =IF(ISNUMBER(H10),H10*24,0)-G23 -> 0 | H22: =IF(ISNUMBER(I10),I10*24,0)-H23 -> 0 | I22: =IF(ISNUMBER(J10),J10*24,0)-I23 -> 0 | ... AF22: =IF(ISNUMBER(AG10),AG10*24,0)-AF23 -> 0
B23: =IF(ISNUMBER(C12),C12*24,0) -> 0 | C23: =IF(ISNUMBER(D12),D12*24,0) -> 0 | D23: =IF(ISNUMBER(E12),E12*24,0) -> 0 | E23: =IF(ISNUMBER(F12),F12*24,0) -> 0 | F23: =IF(ISNUMBER(G12),G12*24,0) -> 0 | G23: =IF(ISNUMBER(H12),H12*24,0) -> 0 | H23: =IF(ISNUMBER(I12),I12*24,0) -> 0 | I23: =IF(ISNUMBER(J12),J12*24,0) -> 0 | ... AF23: =IF(ISNUMBER(AG12),AG12*24,0) -> 0
B24: =IF(ISNUMBER(C11),C11*24,0) -> 0 | C24: =IF(ISNUMBER(D11),D11*24,0) -> 0 | D24: =IF(ISNUMBER(E11),E11*24,0) -> 0 | E24: =IF(ISNUMBER(F11),F11*24,0) -> 0 | F24: =IF(ISNUMBER(G11),G11*24,0) -> 0 | G24: =IF(ISNUMBER(H11),H11*24,0) -> 0 | H24: =IF(ISNUMBER(I11),I11*24,0) -> 0 | I24: =IF(ISNUMBER(J11),J11*24,0) -> 0 | ... AF24: =IF(ISNUMBER(AG11),AG11*24,0) -> 0
B26: =MIN(DATE(JAHR-1,MONAT,1),DATE(YEAR(TODAY())-2,MONTH(TODAY()),1)) -> 44621 | C26: =EDATE($B26,COLUMN(C26)-COLUMN($B$26)) -> 44652 | D26: =EDATE($B26,COLUMN(D26)-COLUMN($B$26)) -> 44682 | E26: =EDATE($B26,COLUMN(E26)-COLUMN($B$26)) -> 44713 | F26: =EDATE($B26,COLUMN(F26)-COLUMN($B$26)) -> 44743 | G26: =EDATE($B26,COLUMN(G26)-COLUMN($B$26)) -> 44774 | H26: =EDATE($B26,COLUMN(H26)-COLUMN($B$26)) -> 44805 | I26: =EDATE($B26,COLUMN(I26)-COLUMN($B$26)) -> 44835 | J26: =EDATE($B26,COLUMN(J26)-COLUMN($B$26)) -> 44866 | ... Z26: =EDATE($B26,COLUMN(Z26)-COLUMN($B$26)) -> 45352
B27: =IFERROR(VLOOKUP("ResourcePresenceTimeSaldo-"&YEAR(B$26)&"-"&IF(MONTH(B$26)<10,"0"&MONTH(B$26),MONTH(B$26)),Saldi,2,FALSE)/$B$36/86400,0) -> 0 | C27: =IFERROR(VLOOKUP("ResourcePresenceTimeSaldo-"&YEAR(C$26)&"-"&IF(MONTH(C$26)<10,"0"&MONTH(C$26),MONTH(C$26)),Saldi,2,FALSE)/$B$36/86400,0) -> 0 | D27: =IFERROR(VLOOKUP("ResourcePresenceTimeSaldo-"&YEAR(D$26)&"-"&IF(MONTH(D$26)<10,"0"&MONTH(D$26),MONTH(D$26)),Saldi,2,FALSE)/$B$36/86400,0) -> 0 | E27: =IFERROR(VLOOKUP("ResourcePresenceTimeSaldo-"&YEAR(E$26)&"-"&IF(MONTH(E$26)<10,"0"&MONTH(E$26),MONTH(E$26)),Saldi,2,FALSE)/$B$36/86400,0) -> 0 | F27: =IFERROR(VLOOKUP("ResourcePresenceTimeSaldo-"&YEAR(F$26)&"-"&IF(MONTH(F$26)<10,"0"&MONTH(F$26),MONTH(F$26)),Saldi,2,FALSE)/$B$36/86400,0) -> 0 | G27: =IFERROR(VLOOKUP("ResourcePresenceTimeSaldo-"&YEAR(G$26)&"-"&IF(MONTH(G$26)<10,"0"&MONTH(G$26),MONTH(G$26)),Saldi,2,FALSE)/$B$36/86400,0) -> 0 | H27: =IFERROR(VLOOKUP("ResourcePresenceTimeSaldo-"&YEAR(H$26)&"-"&IF(MONTH(H$26)<10,"0"&MONTH(H$26),MONTH(H$26)),Saldi,2,FALSE)/$B$36/86400,0) -> 0 | I27: =IFERROR(VLOOKUP("ResourcePresenceTimeSaldo-"&YEAR(I$26)&"-"&IF(MONTH(I$26)<10,"0"&MONTH(I$26),MONTH(I$26)),Saldi,2,FALSE)/$B$36/86400,0) -> 0 | ... Z27: =IFERROR(VLOOKUP("ResourcePresenceTimeSaldo-"&YEAR(Z$26)&"-"&IF(MONTH(Z$26)<10,"0"&MONTH(Z$26),MONTH(Z$26)),Saldi,2,FALSE)/$B$36/86400,0) -> 0
B28: =IFERROR(VLOOKUP(AbsenceTypes!$A3&"-"&YEAR(B$26)&"-"&IF(MONTH(B$26)<10,"0"&MONTH(B$26),MONTH(B$26)),Saldi,2,FALSE)/$B$36/86400,0) -> 0 | C28: =IFERROR(VLOOKUP(AbsenceTypes!$A3&"-"&YEAR(C$26)&"-"&IF(MONTH(C$26)<10,"0"&MONTH(C$26),MONTH(C$26)),Saldi,2,FALSE)/$B$36/86400,0) -> 0 | D28: =IFERROR(VLOOKUP(AbsenceTypes!$A3&"-"&YEAR(D$26)&"-"&IF(MONTH(D$26)<10,"0"&MONTH(D$26),MONTH(D$26)),Saldi,2,FALSE)/$B$36/86400,0) -> 0 | E28: =IFERROR(VLOOKUP(AbsenceTypes!$A3&"-"&YEAR(E$26)&"-"&IF(MONTH(E$26)<10,"0"&MONTH(E$26),MONTH(E$26)),Saldi,2,FALSE)/$B$36/86400,0) -> 0 | F28: =IFERROR(VLOOKUP(AbsenceTypes!$A3&"-"&YEAR(F$26)&"-"&IF(MONTH(F$26)<10,"0"&MONTH(F$26),MONTH(F$26)),Saldi,2,FALSE)/$B$36/86400,0) -> 0 | G28: =IFERROR(VLOOKUP(AbsenceTypes!$A3&"-"&YEAR(G$26)&"-"&IF(MONTH(G$26)<10,"0"&MONTH(G$26),MONTH(G$26)),Saldi,2,FALSE)/$B$36/86400,0) -> 0 | H28: =IFERROR(VLOOKUP(AbsenceTypes!$A3&"-"&YEAR(H$26)&"-"&IF(MONTH(H$26)<10,"0"&MONTH(H$26),MONTH(H$26)),Saldi,2,FALSE)/$B$36/86400,0) -> 0 | I28: =IFERROR(VLOOKUP(AbsenceTypes!$A3&"-"&YEAR(I$26)&"-"&IF(MONTH(I$26)<10,"0"&MONTH(I$26),MONTH(I$26)),Saldi,2,FALSE)/$B$36/86400,0) -> 0 | ... Z28: =IFERROR(VLOOKUP(AbsenceTypes!$A3&"-"&YEAR(Z$26)&"-"&IF(MONTH(Z$26)<10,"0"&MONTH(Z$26),MONTH(Z$26)),Saldi,2,FALSE)/$B$36/86400,0) -> 0
A34: Balances
A36: 1 Day = | B36: =IFERROR(IF(MAX($C$10:$AG$10)<=0,8/24,MAX($C$10:$AG$10)),8/24) -> 0.33333333 | C36: Transf. | D36: New | E36: =IF(MONAT>1,"+/-","") -> +/- | F36: +/- | G36: Balance
C37: =JAHR-1 -> 2023 | D37: =JAHR -> 2024 | E37: =IF(MONAT>1,DATE(JAHR,MONAT-1,1),0) -> 45292 | F37: =DATE(JAHR,MONAT,1) -> 45323 | G37: =MIN(DATE(JAHR,MONAT+1,1)-1,TODAY()) -> 45351
A38: Flexitime | C38: =IFERROR(IF(VLOOKUP("ResourcePresenceTimeSaldo-"&$C$37&"-12",Saldi,2,FALSE)=0,"",IF(VLOOKUP("ResourcePresenceTimeSaldo-"&$C$37&"-12",Saldi,2,FALSE)<0,TEXT(-VLOOKUP("ResourcePresenceTimeSaldo-"&$C$37&"-12",Saldi,2,FALSE)/86400,"-[hh]:mm"),TEXT(VLOOKUP("ResourcePresenceTimeSaldo-"&$C$37&"-12",Saldi,2,FALSE)/86400,"[hh]:mm"))),0) -> 0 | D38: =IFERROR(IF(VLOOKUP("ResourcePresenceTimeCorrection-"&$D$37&"-01-01",Corrections,2,FALSE)=0,"",IF(VLOOKUP("ResourcePresenceTimeCorrection-"&$D$37&"-01-01",Corrections,2,FALSE)<0,TEXT(-VLOOKUP("ResourcePresenceTimeCorrection-"&$D$37&"-01-01",Corrections,2,FALSE)/86400,"-[hh]:mm"),TEXT(VLOOKUP("ResourcePresenceTimeCorrection-"&$D$37&"-01-01",Corrections,2,FALSE)/86400,"[hh]:mm"))),0) -> 0 | E38: =IFERROR(IF(MONAT>1,IF(VLOOKUP("ResourcePresenceTimeSaldo-"&JAHR&"-"&TEXT(MONAT-1,"00"),Saldi,2,FALSE)-VLOOKUP("ResourcePresenceTimeSaldo-"&JAHR-1&"-12",Saldi,2,FALSE)-IFERROR(VLOOKUP("ResourcePresenceTimeCorrection-"&$D$37&"-01-01",Corrections,2,FALSE),0)=0,"",IF(VLOOKUP("ResourcePresenceTimeSaldo-"&JAHR&"-"&TEXT(MONAT-1,"00"),Saldi,2,FALSE)-VLOOKUP("ResourcePresenceTimeSaldo-"&JAHR-1&"-12",Saldi,2,FALSE)-IFERROR(VLOOKUP("ResourcePresenceTimeCorrection-"&$D$37&"-01-01",Corrections,2,FALSE),0)<0,TEXT((-VLOOKUP("ResourcePresenceTimeSaldo-"&JAHR&"-"&TEXT(MONAT-1,"00"),Saldi,2,FALSE)+VLOOKUP("ResourcePresenceTimeSaldo-"&JAHR-1&"-12",Saldi,2,FALSE)+IFERROR(VLOOKUP("ResourcePresenceTimeCorrection-"&$D$37&"-01-01",Corrections,2,FALSE),0))/86400,"-[hh]:mm"),TEXT((VLOOKUP("ResourcePresenceTimeSaldo-"&JAHR&"-"&TEXT(MONAT-1,"00"),Saldi,2,FALSE)-VLOOKUP("ResourcePresenceTimeSaldo-"&JAHR-1&"-12",Saldi,2,FALSE)-IFERROR(VLOOKUP("ResourcePresenceTimeCorrection-"&$D$37&"-01-01",Corrections,2,FALSE),0))/86400,"[hh]:mm"))),0),"") | F38: =IFERROR(IF(VLOOKUP("ResourcePresenceTimeSaldo-"&JAHR&"-"&TEXT(MONAT, "00"),Saldi,2,FALSE)-VLOOKUP("ResourcePresenceTimeSaldo-"&IF(MONAT>1,JAHR,JAHR-1)&"-"&TEXT(IF(MONAT>1,MONAT-1,12),"00"),Saldi,2,FALSE)-IF(MONAT=1,IFERROR(VLOOKUP("ResourcePresenceTimeCorrection-"&$D$37&"-01-01",Corrections,2,FALSE),0),0)=0,"",IF(VLOOKUP("ResourcePresenceTimeSaldo-"&JAHR&"-"&TEXT(MONAT, "00"),Saldi,2,FALSE)-VLOOKUP("ResourcePresenceTimeSaldo-"&IF(MONAT>1,JAHR,JAHR-1)&"-"&TEXT(IF(MONAT>1,MONAT-1,12),"00"),Saldi,2,FALSE)-IF(MONAT=1,IFERROR(VLOOKUP("ResourcePresenceTimeCorrection-"&$D$37&"-01-01",Corrections,2,FALSE),0),0)<0,TEXT((-VLOOKUP("ResourcePresenceTimeSaldo-"&JAHR&"-"&TEXT(MONAT, "00"),Saldi,2,FALSE)+VLOOKUP("ResourcePresenceTimeSaldo-"&IF(MONAT>1,JAHR,JAHR-1)&"-"&TEXT(IF(MONAT>1,MONAT-1,12),"00"),Saldi,2,FALSE)+IF(MONAT=1,IFERROR(VLOOKUP("ResourcePresenceTimeCorrection-"&$D$37&"-01-01",Corrections,2,FALSE),0),0))/86400,"-[hh]:mm"),TEXT((VLOOKUP("ResourcePresenceTimeSaldo-"&JAHR&"-"&TEXT(MONAT, "00"),Saldi,2,FALSE)-VLOOKUP("ResourcePresenceTimeSaldo-"&IF(MONAT>1,JAHR,JAHR-1)&"-"&TEXT(IF(MONAT>1,MONAT-1,12),"00"),Saldi,2,FALSE)-IF(MONAT=1,IFERROR(VLOOKUP("ResourcePresenceTimeCorrection-"&$D$37&"-01-01",Corrections,2,FALSE),0),0))/86400,"[hh]:mm"))),"") | G38: =IFERROR(IF(VLOOKUP("ResourcePresenceTimeSaldo-"&JAHR&"-"&TEXT(MONAT, "00"),Saldi,2,FALSE)=0,"",IF(VLOOKUP("ResourcePresenceTimeSaldo-"&JAHR&"-"&TEXT(MONAT, "00"),Saldi,2,FALSE)<0,TEXT(-VLOOKUP("ResourcePresenceTimeSaldo-"&JAHR&"-"&TEXT(MONAT, "00"),Saldi,2,FALSE)/86400,"-[hh]:mm"),TEXT(VLOOKUP("ResourcePresenceTimeSaldo-"&JAHR&"-"&TEXT(MONAT, "00"),Saldi,2,FALSE)/86400,"[hh]:mm"))),0) -> 0
A39: =AbsenceTypes!B3 -> {jsdata.absenceTypes[0].name} | B39: =AbsenceTypes!C3 -> {jsdata.absenceTypes[0].code} | C39: =IFERROR(VLOOKUP(AbsenceTypes!$A3&"-"&$C$37&"-12",Saldi,2,FALSE)/$B$36/86400,0) -> 0 | D39: =IFERROR(VLOOKUP(AbsenceTypes!$A3&"-"&$D$37&"-01-01",Corrections,2,FALSE)/$B$36/86400,0) -> 0 | E39: =IFERROR(IF(MONAT>1,(VLOOKUP(AbsenceTypes!$A3&"-"&JAHR&"-"&TEXT(MONAT-1,"00"),Saldi,2,FALSE)-VLOOKUP(AbsenceTypes!$A3&"-"&JAHR-1&"-12",Saldi,2,FALSE)-IFERROR(VLOOKUP(AbsenceTypes!$A3&"-"&$D$37&"-01-01",Corrections,2,FALSE),0))/$B$36/86400,0),"") | F39: =IFERROR((VLOOKUP(AbsenceTypes!$A3&"-"&JAHR&"-"&TEXT(MONAT,"00"),Saldi,2,FALSE)-VLOOKUP(AbsenceTypes!$A3&"-"&IF(MONAT>1,JAHR,JAHR-1)&"-"&TEXT(IF(MONAT>1,MONAT-1,12),"00"),Saldi,2,FALSE)-IF(MONAT=1,IFERROR(VLOOKUP(AbsenceTypes!$A3&"-"&$D$37&"-01-01",Corrections,2,FALSE),0),0))/$B$36/86400,"") | G39: =IFERROR(VLOOKUP(AbsenceTypes!$A3&"-"&JAHR&"-"&TEXT(MONAT, "00"),Saldi,2,FALSE)/$B$36/86400,0) -> 0
A40: =AbsenceTypes!B4 -> {jsdata.absenceTypes[1].name} | B40: =AbsenceTypes!C4 -> {jsdata.absenceTypes[1].code} | C40: =IFERROR(VLOOKUP(AbsenceTypes!$A4&"-"&$C$37&"-12",Saldi,2,FALSE)/$B$36/86400,0) -> 0 | D40: =IFERROR(VLOOKUP(AbsenceTypes!$A4&"-"&$D$37&"-01-01",Corrections,2,FALSE)/$B$36/86400,0) -> 0 | E40: =IFERROR(IF(MONAT>1,(VLOOKUP(AbsenceTypes!$A4&"-"&JAHR&"-"&TEXT(MONAT-1,"00"),Saldi,2,FALSE)-VLOOKUP(AbsenceTypes!$A4&"-"&JAHR-1&"-12",Saldi,2,FALSE)-IFERROR(VLOOKUP(AbsenceTypes!$A4&"-"&$D$37&"-01-01",Corrections,2,FALSE),0))/$B$36/86400,0),"") | F40: =IFERROR((VLOOKUP(AbsenceTypes!$A4&"-"&JAHR&"-"&TEXT(MONAT,"00"),Saldi,2,FALSE)-VLOOKUP(AbsenceTypes!$A4&"-"&IF(MONAT>1,JAHR,JAHR-1)&"-"&TEXT(IF(MONAT>1,MONAT-1,12),"00"),Saldi,2,FALSE)-IF(MONAT=1,IFERROR(VLOOKUP(AbsenceTypes!$A4&"-"&$D$37&"-01-01",Corrections,2,FALSE),0),0))/$B$36/86400,"") | G40: =IFERROR(VLOOKUP(AbsenceTypes!$A4&"-"&JAHR&"-"&TEXT(MONAT, "00"),Saldi,2,FALSE)/$B$36/86400,0) -> 0
A41: =AbsenceTypes!B5 -> {jsdata.absenceTypes[2].name} | B41: =AbsenceTypes!C5 -> {jsdata.absenceTypes[2].code} | C41: =IFERROR(VLOOKUP(AbsenceTypes!$A5&"-"&$C$37&"-12",Saldi,2,FALSE)/$B$36/86400,0) -> 0 | D41: =IFERROR(VLOOKUP(AbsenceTypes!$A5&"-"&$D$37&"-01-01",Corrections,2,FALSE)/$B$36/86400,0) -> 0 | E41: =IFERROR(IF(MONAT>1,(VLOOKUP(AbsenceTypes!$A5&"-"&JAHR&"-"&TEXT(MONAT-1,"00"),Saldi,2,FALSE)-VLOOKUP(AbsenceTypes!$A5&"-"&JAHR-1&"-12",Saldi,2,FALSE)-IFERROR(VLOOKUP(AbsenceTypes!$A5&"-"&$D$37&"-01-01",Corrections,2,FALSE),0))/$B$36/86400,0),"") | F41: =IFERROR((VLOOKUP(AbsenceTypes!$A5&"-"&JAHR&"-"&TEXT(MONAT,"00"),Saldi,2,FALSE)-VLOOKUP(AbsenceTypes!$A5&"-"&IF(MONAT>1,JAHR,JAHR-1)&"-"&TEXT(IF(MONAT>1,MONAT-1,12),"00"),Saldi,2,FALSE)-IF(MONAT=1,IFERROR(VLOOKUP(AbsenceTypes!$A5&"-"&$D$37&"-01-01",Corrections,2,FALSE),0),0))/$B$36/86400,"") | G41: =IFERROR(VLOOKUP(AbsenceTypes!$A5&"-"&JAHR&"-"&TEXT(MONAT, "00"),Saldi,2,FALSE)/$B$36/86400,0) -> 0
A42: =AbsenceTypes!B6 -> {jsdata.absenceTypes[3].name} | B42: =AbsenceTypes!C6 -> {jsdata.absenceTypes[3].code} | C42: =IFERROR(VLOOKUP(AbsenceTypes!$A6&"-"&$C$37&"-12",Saldi,2,FALSE)/$B$36/86400,0) -> 0 | D42: =IFERROR(VLOOKUP(AbsenceTypes!$A6&"-"&$D$37&"-01-01",Corrections,2,FALSE)/$B$36/86400,0) -> 0 | E42: =IFERROR(IF(MONAT>1,(VLOOKUP(AbsenceTypes!$A6&"-"&JAHR&"-"&TEXT(MONAT-1,"00"),Saldi,2,FALSE)-VLOOKUP(AbsenceTypes!$A6&"-"&JAHR-1&"-12",Saldi,2,FALSE)-IFERROR(VLOOKUP(AbsenceTypes!$A6&"-"&$D$37&"-01-01",Corrections,2,FALSE),0))/$B$36/86400,0),"") | F42: =IFERROR((VLOOKUP(AbsenceTypes!$A6&"-"&JAHR&"-"&TEXT(MONAT,"00"),Saldi,2,FALSE)-VLOOKUP(AbsenceTypes!$A6&"-"&IF(MONAT>1,JAHR,JAHR-1)&"-"&TEXT(IF(MONAT>1,MONAT-1,12),"00"),Saldi,2,FALSE)-IF(MONAT=1,IFERROR(VLOOKUP(AbsenceTypes!$A6&"-"&$D$37&"-01-01",Corrections,2,FALSE),0),0))/$B$36/86400,"") | G42: =IFERROR(VLOOKUP(AbsenceTypes!$A6&"-"&JAHR&"-"&TEXT(MONAT, "00"),Saldi,2,FALSE)/$B$36/86400,0) -> 0
A43: =AbsenceTypes!B7 -> {jsdata.absenceTypes[4].name} | B43: =AbsenceTypes!C7 -> {jsdata.absenceTypes[4].code} | C43: =IFERROR(VLOOKUP(AbsenceTypes!$A7&"-"&$C$37&"-12",Saldi,2,FALSE)/$B$36/86400,0) -> 0 | D43: =IFERROR(VLOOKUP(AbsenceTypes!$A7&"-"&$D$37&"-01-01",Corrections,2,FALSE)/$B$36/86400,0) -> 0 | E43: =IFERROR(IF(MONAT>1,(VLOOKUP(AbsenceTypes!$A7&"-"&JAHR&"-"&TEXT(MONAT-1,"00"),Saldi,2,FALSE)-VLOOKUP(AbsenceTypes!$A7&"-"&JAHR-1&"-12",Saldi,2,FALSE)-IFERROR(VLOOKUP(AbsenceTypes!$A7&"-"&$D$37&"-01-01",Corrections,2,FALSE),0))/$B$36/86400,0),"") | F43: =IFERROR((VLOOKUP(AbsenceTypes!$A7&"-"&JAHR&"-"&TEXT(MONAT,"00"),Saldi,2,FALSE)-VLOOKUP(AbsenceTypes!$A7&"-"&IF(MONAT>1,JAHR,JAHR-1)&"-"&TEXT(IF(MONAT>1,MONAT-1,12),"00"),Saldi,2,FALSE)-IF(MONAT=1,IFERROR(VLOOKUP(AbsenceTypes!$A7&"-"&$D$37&"-01-01",Corrections,2,FALSE),0),0))/$B$36/86400,"") | G43: =IFERROR(VLOOKUP(AbsenceTypes!$A7&"-"&JAHR&"-"&TEXT(MONAT, "00"),Saldi,2,FALSE)/$B$36/86400,0) -> 0
A44: =AbsenceTypes!B8 -> {jsdata.absenceTypes[5].name} | B44: =AbsenceTypes!C8 -> {jsdata.absenceTypes[5].code} | C44: =IFERROR(VLOOKUP(AbsenceTypes!$A8&"-"&$C$37&"-12",Saldi,2,FALSE)/$B$36/86400,0) -> 0 | D44: =IFERROR(VLOOKUP(AbsenceTypes!$A8&"-"&$D$37&"-01-01",Corrections,2,FALSE)/$B$36/86400,0) -> 0 | E44: =IFERROR(IF(MONAT>1,(VLOOKUP(AbsenceTypes!$A8&"-"&JAHR&"-"&TEXT(MONAT-1,"00"),Saldi,2,FALSE)-VLOOKUP(AbsenceTypes!$A8&"-"&JAHR-1&"-12",Saldi,2,FALSE)-IFERROR(VLOOKUP(AbsenceTypes!$A8&"-"&$D$37&"-01-01",Corrections,2,FALSE),0))/$B$36/86400,0),"") | F44: =IFERROR((VLOOKUP(AbsenceTypes!$A8&"-"&JAHR&"-"&TEXT(MONAT,"00"),Saldi,2,FALSE)-VLOOKUP(AbsenceTypes!$A8&"-"&IF(MONAT>1,JAHR,JAHR-1)&"-"&TEXT(IF(MONAT>1,MONAT-1,12),"00"),Saldi,2,FALSE)-IF(MONAT=1,IFERROR(VLOOKUP(AbsenceTypes!$A8&"-"&$D$37&"-01-01",Corrections,2,FALSE),0),0))/$B$36/86400,"") | G44: =IFERROR(VLOOKUP(AbsenceTypes!$A8&"-"&JAHR&"-"&TEXT(MONAT, "00"),Saldi,2,FALSE)/$B$36/86400,0) -> 0
A45: =AbsenceTypes!B9 -> {jsdata.absenceTypes[6].name} | B45: =AbsenceTypes!C9 -> {jsdata.absenceTypes[6].code} | C45: =IFERROR(VLOOKUP(AbsenceTypes!$A9&"-"&$C$37&"-12",Saldi,2,FALSE)/$B$36/86400,0) -> 0 | D45: =IFERROR(VLOOKUP(AbsenceTypes!$A9&"-"&$D$37&"-01-01",Corrections,2,FALSE)/$B$36/86400,0) -> 0 | E45: =IFERROR(IF(MONAT>1,(VLOOKUP(AbsenceTypes!$A9&"-"&JAHR&"-"&TEXT(MONAT-1,"00"),Saldi,2,FALSE)-VLOOKUP(AbsenceTypes!$A9&"-"&JAHR-1&"-12",Saldi,2,FALSE)-IFERROR(VLOOKUP(AbsenceTypes!$A9&"-"&$D$37&"-01-01",Corrections,2,FALSE),0))/$B$36/86400,0),"") | F45: =IFERROR((VLOOKUP(AbsenceTypes!$A9&"-"&JAHR&"-"&TEXT(MONAT,"00"),Saldi,2,FALSE)-VLOOKUP(AbsenceTypes!$A9&"-"&IF(MONAT>1,JAHR,JAHR-1)&"-"&TEXT(IF(MONAT>1,MONAT-1,12),"00"),Saldi,2,FALSE)-IF(MONAT=1,IFERROR(VLOOKUP(AbsenceTypes!$A9&"-"&$D$37&"-01-01",Corrections,2,FALSE),0),0))/$B$36/86400,"") | G45: =IFERROR(VLOOKUP(AbsenceTypes!$A9&"-"&JAHR&"-"&TEXT(MONAT, "00"),Saldi,2,FALSE)/$B$36/86400,0) -> 0
A46: =AbsenceTypes!B10 -> {jsdata.absenceTypes[7].name} | B46: =AbsenceTypes!C10 -> {jsdata.absenceTypes[7].code} | C46: =IFERROR(VLOOKUP(AbsenceTypes!$A10&"-"&$C$37&"-12",Saldi,2,FALSE)/$B$36/86400,0) -> 0 | D46: =IFERROR(VLOOKUP(AbsenceTypes!$A10&"-"&$D$37&"-01-01",Corrections,2,FALSE)/$B$36/86400,0) -> 0 | E46: =IFERROR(IF(MONAT>1,(VLOOKUP(AbsenceTypes!$A10&"-"&JAHR&"-"&TEXT(MONAT-1,"00"),Saldi,2,FALSE)-VLOOKUP(AbsenceTypes!$A10&"-"&JAHR-1&"-12",Saldi,2,FALSE)-IFERROR(VLOOKUP(AbsenceTypes!$A10&"-"&$D$37&"-01-01",Corrections,2,FALSE),0))/$B$36/86400,0),"") | F46: =IFERROR((VLOOKUP(AbsenceTypes!$A10&"-"&JAHR&"-"&TEXT(MONAT,"00"),Saldi,2,FALSE)-VLOOKUP(AbsenceTypes!$A10&"-"&IF(MONAT>1,JAHR,JAHR-1)&"-"&TEXT(IF(MONAT>1,MONAT-1,12),"00"),Saldi,2,FALSE)-IF(MONAT=1,IFERROR(VLOOKUP(AbsenceTypes!$A10&"-"&$D$37&"-01-01",Corrections,2,FALSE),0),0))/$B$36/86400,"") | G46: =IFERROR(VLOOKUP(AbsenceTypes!$A10&"-"&JAHR&"-"&TEXT(MONAT, "00"),Saldi,2,FALSE)/$B$36/86400,0) -> 0
A47: =AbsenceTypes!B11 -> {jsdata.absenceTypes[8].name} | B47: =AbsenceTypes!C11 -> {jsdata.absenceTypes[8].code} | C47: =IFERROR(VLOOKUP(AbsenceTypes!$A11&"-"&$C$37&"-12",Saldi,2,FALSE)/$B$36/86400,0) -> 0 | D47: =IFERROR(VLOOKUP(AbsenceTypes!$A11&"-"&$D$37&"-01-01",Corrections,2,FALSE)/$B$36/86400,0) -> 0 | E47: =IFERROR(IF(MONAT>1,(VLOOKUP(AbsenceTypes!$A11&"-"&JAHR&"-"&TEXT(MONAT-1,"00"),Saldi,2,FALSE)-VLOOKUP(AbsenceTypes!$A11&"-"&JAHR-1&"-12",Saldi,2,FALSE)-IFERROR(VLOOKUP(AbsenceTypes!$A11&"-"&$D$37&"-01-01",Corrections,2,FALSE),0))/$B$36/86400,0),"") | F47: =IFERROR((VLOOKUP(AbsenceTypes!$A11&"-"&JAHR&"-"&TEXT(MONAT,"00"),Saldi,2,FALSE)-VLOOKUP(AbsenceTypes!$A11&"-"&IF(MONAT>1,JAHR,JAHR-1)&"-"&TEXT(IF(MONAT>1,MONAT-1,12),"00"),Saldi,2,FALSE)-IF(MONAT=1,IFERROR(VLOOKUP(AbsenceTypes!$A11&"-"&$D$37&"-01-01",Corrections,2,FALSE),0),0))/$B$36/86400,"") | G47: =IFERROR(VLOOKUP(AbsenceTypes!$A11&"-"&JAHR&"-"&TEXT(MONAT, "00"),Saldi,2,FALSE)/$B$36/86400,0) -> 0
A48: =AbsenceTypes!B12 -> {jsdata.absenceTypes[9].name} | B48: =AbsenceTypes!C12 -> {jsdata.absenceTypes[9].code} | C48: =IFERROR(VLOOKUP(AbsenceTypes!$A12&"-"&$C$37&"-12",Saldi,2,FALSE)/$B$36/86400,0) -> 0 | D48: =IFERROR(VLOOKUP(AbsenceTypes!$A12&"-"&$D$37&"-01-01",Corrections,2,FALSE)/$B$36/86400,0) -> 0 | E48: =IFERROR(IF(MONAT>1,(VLOOKUP(AbsenceTypes!$A12&"-"&JAHR&"-"&TEXT(MONAT-1,"00"),Saldi,2,FALSE)-VLOOKUP(AbsenceTypes!$A12&"-"&JAHR-1&"-12",Saldi,2,FALSE)-IFERROR(VLOOKUP(AbsenceTypes!$A12&"-"&$D$37&"-01-01",Corrections,2,FALSE),0))/$B$36/86400,0),"") | F48: =IFERROR((VLOOKUP(AbsenceTypes!$A12&"-"&JAHR&"-"&TEXT(MONAT,"00"),Saldi,2,FALSE)-VLOOKUP(AbsenceTypes!$A12&"-"&IF(MONAT>1,JAHR,JAHR-1)&"-"&TEXT(IF(MONAT>1,MONAT-1,12),"00"),Saldi,2,FALSE)-IF(MONAT=1,IFERROR(VLOOKUP(AbsenceTypes!$A12&"-"&$D$37&"-01-01",Corrections,2,FALSE),0),0))/$B$36/86400,"") | G48: =IFERROR(VLOOKUP(AbsenceTypes!$A12&"-"&JAHR&"-"&TEXT(MONAT, "00"),Saldi,2,FALSE)/$B$36/86400,0) -> 0
A49: =AbsenceTypes!B13 -> {jsdata.absenceTypes[10].name} | B49: =AbsenceTypes!C13 -> {jsdata.absenceTypes[10].code} | C49: =IFERROR(VLOOKUP(AbsenceTypes!$A13&"-"&$C$37&"-12",Saldi,2,FALSE)/$B$36/86400,0) -> 0 | D49: =IFERROR(VLOOKUP(AbsenceTypes!$A13&"-"&$D$37&"-01-01",Corrections,2,FALSE)/$B$36/86400,0) -> 0 | E49: =IFERROR(IF(MONAT>1,(VLOOKUP(AbsenceTypes!$A13&"-"&JAHR&"-"&TEXT(MONAT-1,"00"),Saldi,2,FALSE)-VLOOKUP(AbsenceTypes!$A13&"-"&JAHR-1&"-12",Saldi,2,FALSE)-IFERROR(VLOOKUP(AbsenceTypes!$A13&"-"&$D$37&"-01-01",Corrections,2,FALSE),0))/$B$36/86400,0),"") | F49: =IFERROR((VLOOKUP(AbsenceTypes!$A13&"-"&JAHR&"-"&TEXT(MONAT,"00"),Saldi,2,FALSE)-VLOOKUP(AbsenceTypes!$A13&"-"&IF(MONAT>1,JAHR,JAHR-1)&"-"&TEXT(IF(MONAT>1,MONAT-1,12),"00"),Saldi,2,FALSE)-IF(MONAT=1,IFERROR(VLOOKUP(AbsenceTypes!$A13&"-"&$D$37&"-01-01",Corrections,2,FALSE),0),0))/$B$36/86400,"") | G49: =IFERROR(VLOOKUP(AbsenceTypes!$A13&"-"&JAHR&"-"&TEXT(MONAT, "00"),Saldi,2,FALSE)/$B$36/86400,0) -> 0
A50: =AbsenceTypes!B14 -> {jsdata.absenceTypes[11].name} | B50: =AbsenceTypes!C14 -> {jsdata.absenceTypes[11].code} | C50: =IFERROR(VLOOKUP(AbsenceTypes!$A14&"-"&$C$37&"-12",Saldi,2,FALSE)/$B$36/86400,0) -> 0 | D50: =IFERROR(VLOOKUP(AbsenceTypes!$A14&"-"&$D$37&"-01-01",Corrections,2,FALSE)/$B$36/86400,0) -> 0 | E50: =IFERROR(IF(MONAT>1,(VLOOKUP(AbsenceTypes!$A14&"-"&JAHR&"-"&TEXT(MONAT-1,"00"),Saldi,2,FALSE)-VLOOKUP(AbsenceTypes!$A14&"-"&JAHR-1&"-12",Saldi,2,FALSE)-IFERROR(VLOOKUP(AbsenceTypes!$A14&"-"&$D$37&"-01-01",Corrections,2,FALSE),0))/$B$36/86400,0),"") | F50: =IFERROR((VLOOKUP(AbsenceTypes!$A14&"-"&JAHR&"-"&TEXT(MONAT,"00"),Saldi,2,FALSE)-VLOOKUP(AbsenceTypes!$A14&"-"&IF(MONAT>1,JAHR,JAHR-1)&"-"&TEXT(IF(MONAT>1,MONAT-1,12),"00"),Saldi,2,FALSE)-IF(MONAT=1,IFERROR(VLOOKUP(AbsenceTypes!$A14&"-"&$D$37&"-01-01",Corrections,2,FALSE),0),0))/$B$36/86400,"") | G50: =IFERROR(VLOOKUP(AbsenceTypes!$A14&"-"&JAHR&"-"&TEXT(MONAT, "00"),Saldi,2,FALSE)/$B$36/86400,0) -> 0
... A54: =AbsenceTypes!B18 -> {jsdata.absenceTypes[15].name} | B54: =AbsenceTypes!C18 -> {jsdata.absenceTypes[15].code} | C54: =IFERROR(VLOOKUP(AbsenceTypes!$A18&"-"&$C$37&"-12",Saldi,2,FALSE)/$B$36/86400,0) -> 0 | D54: =IFERROR(VLOOKUP(AbsenceTypes!$A18&"-"&$D$37&"-01-01",Corrections,2,FALSE)/$B$36/86400,0) -> 0 | E54: =IFERROR(IF(MONAT>1,(VLOOKUP(AbsenceTypes!$A18&"-"&JAHR&"-"&TEXT(MONAT-1,"00"),Saldi,2,FALSE)-VLOOKUP(AbsenceTypes!$A18&"-"&JAHR-1&"-12",Saldi,2,FALSE)-IFERROR(VLOOKUP(AbsenceTypes!$A18&"-"&$D$37&"-01-01",Corrections,2,FALSE),0))/$B$36/86400,0),"") | F54: =IFERROR((VLOOKUP(AbsenceTypes!$A18&"-"&JAHR&"-"&TEXT(MONAT,"00"),Saldi,2,FALSE)-VLOOKUP(AbsenceTypes!$A18&"-"&IF(MONAT>1,JAHR,JAHR-1)&"-"&TEXT(IF(MONAT>1,MONAT-1,12),"00"),Saldi,2,FALSE)-IF(MONAT=1,IFERROR(VLOOKUP(AbsenceTypes!$A18&"-"&$D$37&"-01-01",Corrections,2,FALSE),0),0))/$B$36/86400,"") | G54: =IFERROR(VLOOKUP(AbsenceTypes!$A18&"-"&JAHR&"-"&TEXT(MONAT, "00"),Saldi,2,FALSE)/$B$36/86400,0) -> 0
A56: ="Exported by " &Resource!$B$7& " at " &Resource!$E$7&". " & Resource!$F$7 -> Exported by {jsdata.exportedBy.resource ? jsdata.exportedBy.resource.name : jsdata.exportedBy.name} at {jsdata.exportedAt}. {jsdata.claim}

Sheet AbsenceTypes
A1: Absence types
A2: id | B2: name | C2: code | D2: description | E2: iconRef | F2: color | G2: availabilityPercentage | H2: presencePercentage | I2: category
A3: {jsdata.absenceTypes[0].id} | B3: {jsdata.absenceTypes[0].name} | C3: {jsdata.absenceTypes[0].code} | D3: {jsdata.absenceTypes[0].description} | E3: {jsdata.absenceTypes[0].iconRef} | F3: {jsdata.absenceTypes[0].color} | G3: {jsdata.absenceTypes[0].availabilityPercentage} | H3: {jsdata.absenceTypes[0].presencePercentage} | I3: {jsdata.absenceTypes[0].category}
A4: {jsdata.absenceTypes[1].id} | B4: {jsdata.absenceTypes[1].name} | C4: {jsdata.absenceTypes[1].code} | D4: {jsdata.absenceTypes[1].description} | E4: {jsdata.absenceTypes[1].iconRef} | F4: {jsdata.absenceTypes[1].color} | G4: {jsdata.absenceTypes[1].availabilityPercentage} | H4: {jsdata.absenceTypes[1].presencePercentage} | I4: {jsdata.absenceTypes[1].category}
A5: {jsdata.absenceTypes[2].id} | B5: {jsdata.absenceTypes[2].name} | C5: {jsdata.absenceTypes[2].code} | D5: {jsdata.absenceTypes[2].description} | E5: {jsdata.absenceTypes[2].iconRef} | F5: {jsdata.absenceTypes[2].color} | G5: {jsdata.absenceTypes[2].availabilityPercentage} | H5: {jsdata.absenceTypes[2].presencePercentage} | I5: {jsdata.absenceTypes[2].category}
A6: {jsdata.absenceTypes[3].id} | B6: {jsdata.absenceTypes[3].name} | C6: {jsdata.absenceTypes[3].code} | D6: {jsdata.absenceTypes[3].description} | E6: {jsdata.absenceTypes[3].iconRef} | F6: {jsdata.absenceTypes[3].color} | G6: {jsdata.absenceTypes[3].availabilityPercentage} | H6: {jsdata.absenceTypes[3].presencePercentage} | I6: {jsdata.absenceTypes[3].category}
A7: {jsdata.absenceTypes[4].id} | B7: {jsdata.absenceTypes[4].name} | C7: {jsdata.absenceTypes[4].code} | D7: {jsdata.absenceTypes[4].description} | E7: {jsdata.absenceTypes[4].iconRef} | F7: {jsdata.absenceTypes[4].color} | G7: {jsdata.absenceTypes[4].availabilityPercentage} | H7: {jsdata.absenceTypes[4].presencePercentage} | I7: {jsdata.absenceTypes[4].category}
A8: {jsdata.absenceTypes[5].id} | B8: {jsdata.absenceTypes[5].name} | C8: {jsdata.absenceTypes[5].code} | D8: {jsdata.absenceTypes[5].description} | E8: {jsdata.absenceTypes[5].iconRef} | F8: {jsdata.absenceTypes[5].color} | G8: {jsdata.absenceTypes[5].availabilityPercentage} | H8: {jsdata.absenceTypes[5].presencePercentage} | I8: {jsdata.absenceTypes[5].category}
A9: {jsdata.absenceTypes[6].id} | B9: {jsdata.absenceTypes[6].name} | C9: {jsdata.absenceTypes[6].code} | D9: {jsdata.absenceTypes[6].description} | E9: {jsdata.absenceTypes[6].iconRef} | F9: {jsdata.absenceTypes[6].color} | G9: {jsdata.absenceTypes[6].availabilityPercentage} | H9: {jsdata.absenceTypes[6].presencePercentage} | I9: {jsdata.absenceTypes[6].category}
A10: {jsdata.absenceTypes[7].id} | B10: {jsdata.absenceTypes[7].name} | C10: {jsdata.absenceTypes[7].code} | D10: {jsdata.absenceTypes[7].description} | E10: {jsdata.absenceTypes[7].iconRef} | F10: {jsdata.absenceTypes[7].color} | G10: {jsdata.absenceTypes[7].availabilityPercentage} | H10: {jsdata.absenceTypes[7].presencePercentage} | I10: {jsdata.absenceTypes[7].category}
A11: {jsdata.absenceTypes[8].id} | B11: {jsdata.absenceTypes[8].name} | C11: {jsdata.absenceTypes[8].code} | D11: {jsdata.absenceTypes[8].description} | E11: {jsdata.absenceTypes[8].iconRef} | F11: {jsdata.absenceTypes[8].color} | G11: {jsdata.absenceTypes[8].availabilityPercentage} | H11: {jsdata.absenceTypes[8].presencePercentage} | I11: {jsdata.absenceTypes[8].category}
A12: {jsdata.absenceTypes[9].id} | B12: {jsdata.absenceTypes[9].name} | C12: {jsdata.absenceTypes[9].code} | D12: {jsdata.absenceTypes[9].description} | E12: {jsdata.absenceTypes[9].iconRef} | F12: {jsdata.absenceTypes[9].color} | G12: {jsdata.absenceTypes[9].availabilityPercentage} | H12: {jsdata.absenceTypes[9].presencePercentage} | I12: {jsdata.absenceTypes[9].category}
A13: {jsdata.absenceTypes[10].id} | B13: {jsdata.absenceTypes[10].name} | C13: {jsdata.absenceTypes[10].code} | D13: {jsdata.absenceTypes[10].description} | E13: {jsdata.absenceTypes[10].iconRef} | F13: {jsdata.absenceTypes[10].color} | G13: {jsdata.absenceTypes[10].availabilityPercentage} | H13: {jsdata.absenceTypes[10].presencePercentage} | I13: {jsdata.absenceTypes[10].category}
... A22: {jsdata.absenceTypes[19].id} | B22: {jsdata.absenceTypes[19].name} | C22: {jsdata.absenceTypes[19].code} | D22: {jsdata.absenceTypes[19].description} | E22: {jsdata.absenceTypes[19].iconRef} | F22: {jsdata.absenceTypes[19].color} | G22: {jsdata.absenceTypes[19].availabilityPercentage} | H22: {jsdata.absenceTypes[19].presencePercentage} | I22: {jsdata.absenceTypes[19].category}

Sheet Saldi
A1: Saldi
A2: month | B2: type | C2: key | D2: durationS
A3: {jsdata.months[0].month} | B3: {jsdata.months[0].absences[0].absenceType} | C3: =IF($A3<>"",$B3&"-"&$A3,"") -> {jsdata.months[0].absences[0].absenceType}-{jsdata.months[0].month} | D3: {jsdata.months[0].absences[0].duration}
A4: {jsdata.months[0].month} | B4: {jsdata.months[0].absences[1].absenceType} | C4: =IF($A4<>"",$B4&"-"&$A4,"") -> {jsdata.months[0].absences[1].absenceType}-{jsdata.months[0].month} | D4: {jsdata.months[0].absences[1].duration}
A5: {jsdata.months[0].month} | B5: {jsdata.months[0].absences[2].absenceType} | C5: =IF($A5<>"",$B5&"-"&$A5,"") -> {jsdata.months[0].absences[2].absenceType}-{jsdata.months[0].month} | D5: {jsdata.months[0].absences[2].duration}
A6: {jsdata.months[0].month} | B6: {jsdata.months[0].absences[3].absenceType} | C6: =IF($A6<>"",$B6&"-"&$A6,"") -> {jsdata.months[0].absences[3].absenceType}-{jsdata.months[0].month} | D6: {jsdata.months[0].absences[3].duration}
A7: {jsdata.months[0].month} | B7: {jsdata.months[0].absences[4].absenceType} | C7: =IF($A7<>"",$B7&"-"&$A7,"") -> {jsdata.months[0].absences[4].absenceType}-{jsdata.months[0].month} | D7: {jsdata.months[0].absences[4].duration}
A8: {jsdata.months[0].month} | B8: {jsdata.months[0].absences[5].absenceType} | C8: =IF($A8<>"",$B8&"-"&$A8,"") -> {jsdata.months[0].absences[5].absenceType}-{jsdata.months[0].month} | D8: {jsdata.months[0].absences[5].duration}
A9: {jsdata.months[0].month} | B9: {jsdata.months[0].absences[6].absenceType} | C9: =IF($A9<>"",$B9&"-"&$A9,"") -> {jsdata.months[0].absences[6].absenceType}-{jsdata.months[0].month} | D9: {jsdata.months[0].absences[6].duration}
A10: {jsdata.months[0].month} | B10: {jsdata.months[0].absences[7].absenceType} | C10: =IF($A10<>"",$B10&"-"&$A10,"") -> {jsdata.months[0].absences[7].absenceType}-{jsdata.months[0].month} | D10: {jsdata.months[0].absences[7].duration}
A11: {jsdata.months[0].month} | B11: {jsdata.months[0].absences[8].absenceType} | C11: =IF($A11<>"",$B11&"-"&$A11,"") -> {jsdata.months[0].absences[8].absenceType}-{jsdata.months[0].month} | D11: {jsdata.months[0].absences[8].duration}
A12: {jsdata.months[0].month} | B12: {jsdata.months[0].absences[9].absenceType} | C12: =IF($A12<>"",$B12&"-"&$A12,"") -> {jsdata.months[0].absences[9].absenceType}-{jsdata.months[0].month} | D12: {jsdata.months[0].absences[9].duration}
A13: {jsdata.months[0].month} | B13: {jsdata.months[0].absences[10].absenceType} | C13: =IF($A13<>"",$B13&"-"&$A13,"") -> {jsdata.months[0].absences[10].absenceType}-{jsdata.months[0].month} | D13: {jsdata.months[0].absences[10].duration}
A14: {jsdata.months[0].month} | B14: {jsdata.months[0].absences[11].absenceType} | C14: =IF($A14<>"",$B14&"-"&$A14,"") -> {jsdata.months[0].absences[11].absenceType}-{jsdata.months[0].month} | D14: {jsdata.months[0].absences[11].duration}
... A779: {jsdata.months[36].month} | B779: ResourcePresenceTimeSaldo | C779: =IF($A779<>"",$B779&"-"&$A779,"") -> ResourcePresenceTimeSaldo-{jsdata.months[36].month} | D779: {jsdata.months[36].times.duration}

Sheet Corrections
A1: Corrections
A2: date | B2: type | C2: key | D2: durationS | E2: comment
A3: {jsdata.corrections[0].date} | B3: {jsdata.corrections[0].type} | C3: =IF($B3<>"",$B3&"-"&$A3,"") -> {jsdata.corrections[0].type}-{jsdata.corrections[0].date} | D3: {jsdata.corrections[0].duration} | E3: {jsdata.corrections[0].comment}
A4: {jsdata.corrections[1].date} | B4: {jsdata.corrections[1].type} | C4: =IF($B4<>"",$B4&"-"&$A4,"") -> {jsdata.corrections[1].type}-{jsdata.corrections[1].date} | D4: {jsdata.corrections[1].duration} | E4: {jsdata.corrections[1].comment}
A5: {jsdata.corrections[2].date} | B5: {jsdata.corrections[2].type} | C5: =IF($B5<>"",$B5&"-"&$A5,"") -> {jsdata.corrections[2].type}-{jsdata.corrections[2].date} | D5: {jsdata.corrections[2].duration} | E5: {jsdata.corrections[2].comment}
A6: {jsdata.corrections[3].date} | B6: {jsdata.corrections[3].type} | C6: =IF($B6<>"",$B6&"-"&$A6,"") -> {jsdata.corrections[3].type}-{jsdata.corrections[3].date} | D6: {jsdata.corrections[3].duration} | E6: {jsdata.corrections[3].comment}
A7: {jsdata.corrections[4].date} | B7: {jsdata.corrections[4].type} | C7: =IF($B7<>"",$B7&"-"&$A7,"") -> {jsdata.corrections[4].type}-{jsdata.corrections[4].date} | D7: {jsdata.corrections[4].duration} | E7: {jsdata.corrections[4].comment}
A8: {jsdata.corrections[5].date} | B8: {jsdata.corrections[5].type} | C8: =IF($B8<>"",$B8&"-"&$A8,"") -> {jsdata.corrections[5].type}-{jsdata.corrections[5].date} | D8: {jsdata.corrections[5].duration} | E8: {jsdata.corrections[5].comment}
A9: {jsdata.corrections[6].date} | B9: {jsdata.corrections[6].type} | C9: =IF($B9<>"",$B9&"-"&$A9,"") -> {jsdata.corrections[6].type}-{jsdata.corrections[6].date} | D9: {jsdata.corrections[6].duration} | E9: {jsdata.corrections[6].comment}
A10: {jsdata.corrections[7].date} | B10: {jsdata.corrections[7].type} | C10: =IF($B10<>"",$B10&"-"&$A10,"") -> {jsdata.corrections[7].type}-{jsdata.corrections[7].date} | D10: {jsdata.corrections[7].duration} | E10: {jsdata.corrections[7].comment}
A11: {jsdata.corrections[8].date} | B11: {jsdata.corrections[8].type} | C11: =IF($B11<>"",$B11&"-"&$A11,"") -> {jsdata.corrections[8].type}-{jsdata.corrections[8].date} | D11: {jsdata.corrections[8].duration} | E11: {jsdata.corrections[8].comment}
A12: {jsdata.corrections[9].date} | B12: {jsdata.corrections[9].type} | C12: =IF($B12<>"",$B12&"-"&$A12,"") -> {jsdata.corrections[9].type}-{jsdata.corrections[9].date} | D12: {jsdata.corrections[9].duration} | E12: {jsdata.corrections[9].comment}
A13: {jsdata.corrections[10].date} | B13: {jsdata.corrections[10].type} | C13: =IF($B13<>"",$B13&"-"&$A13,"") -> {jsdata.corrections[10].type}-{jsdata.corrections[10].date} | D13: {jsdata.corrections[10].duration} | E13: {jsdata.corrections[10].comment}
A14: {jsdata.corrections[11].date} | B14: {jsdata.corrections[11].type} | C14: =IF($B14<>"",$B14&"-"&$A14,"") -> {jsdata.corrections[11].type}-{jsdata.corrections[11].date} | D14: {jsdata.corrections[11].duration} | E14: {jsdata.corrections[11].comment}
... A67: {jsdata.corrections[64].date} | B67: {jsdata.corrections[64].type} | C67: =IF($B67<>"",$B67&"-"&$A67,"") -> {jsdata.corrections[64].type}-{jsdata.corrections[64].date} | D67: {jsdata.corrections[64].duration} | E67: {jsdata.corrections[64].comment}

Sheet Days
A1: Days
A2: date | B2: target | C2: absences | D2: presences | E2: absence1 | F2: absence2
A3: =DATE(IF(ISNUMBER(Resource!$G$7),Resource!$G$7,YEAR(TODAY()))-2,1,1) -> 44562 | B3: {jsdata.day[0].target} | C3: {jsdata.day[0].sumAbsences} | D3: {jsdata.day[0].sumPresences} | E3: {jsdata.day[0].absences[0].absenceType} | F3: {jsdata.day[0].absences[1].absenceType}
A4: =A3+1 -> 44563 | B4: {jsdata.day[1].target} | C4: {jsdata.day[1].sumAbsences} | D4: {jsdata.day[1].sumPresences} | E4: {jsdata.day[1].absences[0].absenceType} | F4: {jsdata.day[1].absences[1].absenceType}
A5: =A4+1 -> 44564 | B5: {jsdata.day[2].target} | C5: {jsdata.day[2].sumAbsences} | D5: {jsdata.day[2].sumPresences} | E5: {jsdata.day[2].absences[0].absenceType} | F5: {jsdata.day[2].absences[1].absenceType}
A6: =A5+1 -> 44565 | B6: {jsdata.day[3].target} | C6: {jsdata.day[3].sumAbsences} | D6: {jsdata.day[3].sumPresences} | E6: {jsdata.day[3].absences[0].absenceType} | F6: {jsdata.day[3].absences[1].absenceType}
A7: =A6+1 -> 44566 | B7: {jsdata.day[4].target} | C7: {jsdata.day[4].sumAbsences} | D7: {jsdata.day[4].sumPresences} | E7: {jsdata.day[4].absences[0].absenceType} | F7: {jsdata.day[4].absences[1].absenceType}
A8: =A7+1 -> 44567 | B8: {jsdata.day[5].target} | C8: {jsdata.day[5].sumAbsences} | D8: {jsdata.day[5].sumPresences} | E8: {jsdata.day[5].absences[0].absenceType} | F8: {jsdata.day[5].absences[1].absenceType}
A9: =A8+1 -> 44568 | B9: {jsdata.day[6].target} | C9: {jsdata.day[6].sumAbsences} | D9: {jsdata.day[6].sumPresences} | E9: {jsdata.day[6].absences[0].absenceType} | F9: {jsdata.day[6].absences[1].absenceType}
A10: =A9+1 -> 44569 | B10: {jsdata.day[7].target} | C10: {jsdata.day[7].sumAbsences} | D10: {jsdata.day[7].sumPresences} | E10: {jsdata.day[7].absences[0].absenceType} | F10: {jsdata.day[7].absences[1].absenceType}
A11: =A10+1 -> 44570 | B11: {jsdata.day[8].target} | C11: {jsdata.day[8].sumAbsences} | D11: {jsdata.day[8].sumPresences} | E11: {jsdata.day[8].absences[0].absenceType} | F11: {jsdata.day[8].absences[1].absenceType}
A12: =A11+1 -> 44571 | B12: {jsdata.day[9].target} | C12: {jsdata.day[9].sumAbsences} | D12: {jsdata.day[9].sumPresences} | E12: {jsdata.day[9].absences[0].absenceType} | F12: {jsdata.day[9].absences[1].absenceType}
A13: =A12+1 -> 44572 | B13: {jsdata.day[10].target} | C13: {jsdata.day[10].sumAbsences} | D13: {jsdata.day[10].sumPresences} | E13: {jsdata.day[10].absences[0].absenceType} | F13: {jsdata.day[10].absences[1].absenceType}
A14: =A13+1 -> 44573 | B14: {jsdata.day[11].target} | C14: {jsdata.day[11].sumAbsences} | D14: {jsdata.day[11].sumPresences} | E14: {jsdata.day[11].absences[0].absenceType} | F14: {jsdata.day[11].absences[1].absenceType}
A15: =A14+1 -> 44574 | B15: {jsdata.day[12].target} | C15: {jsdata.day[12].sumAbsences} | D15: {jsdata.day[12].sumPresences} | E15: {jsdata.day[12].absences[0].absenceType} | F15: {jsdata.day[12].absences[1].absenceType}
... A1098: =A1097+1 -> 45657 | B1098: {jsdata.day[1095].target} | C1098: {jsdata.day[1095].sumAbsences} | D1098: {jsdata.day[1095].sumPresences} | E1098: {jsdata.day[1095].absences[0].absenceType} | F1098: {jsdata.day[1095].absences[1].absenceType}

Sheet Clocking
A1: Clocking
A2: date | B2: clocking
A3: {jsdata.clocking[0].date} | B3: {jsdata.clocking[0].clocking}
A4: {jsdata.clocking[1].date} | B4: {jsdata.clocking[1].clocking}
A5: {jsdata.clocking[2].date} | B5: {jsdata.clocking[2].clocking}
A6: {jsdata.clocking[3].date} | B6: {jsdata.clocking[3].clocking}
A7: {jsdata.clocking[4].date} | B7: {jsdata.clocking[4].clocking}
A8: {jsdata.clocking[5].date} | B8: {jsdata.clocking[5].clocking}
A9: {jsdata.clocking[6].date} | B9: {jsdata.clocking[6].clocking}
A10: {jsdata.clocking[7].date} | B10: {jsdata.clocking[7].clocking}
A11: {jsdata.clocking[8].date} | B11: {jsdata.clocking[8].clocking}
A12: {jsdata.clocking[9].date} | B12: {jsdata.clocking[9].clocking}
A13: {jsdata.clocking[10].date} | B13: {jsdata.clocking[10].clocking}
... A1098: {jsdata.clocking[1095].date} | B1098: {jsdata.clocking[1095].clocking}

Sheet Resource
A1: Resource
A2: id | B2: name | C2: code | D2: description
A3: {jsdata.resource.id} | B3: {jsdata.resource.name} | C3: {jsdata.resource.code} | D3: {jsdata.resource.description}
A5: Export
A6: id | B6: name | C6: code | D6: description | E6: at | F6: claim | G6: year | H6: month
A7: {jsdata.exportedBy.id} | B7: {jsdata.exportedBy.resource ? jsdata.exportedBy.resource.name : jsdata.exportedBy.name} | C7: {jsdata.exportedBy.resource ? jsdata.exportedBy.resource.code : ''} | D7: {jsdata.exportedBy.resource ? jsdata.exportedBy.resource.description : ''} | E7: {jsdata.exportedAt} | F7: {jsdata.claim} | G7: {jsdata.year} | H7: {jsdata.month}
